"items__id_pleito","items__tipo_interessado","items__interessado","items__cod_ibge","items__uf","items__num_pvl","items__status","items__num_processo","items__data_protocolo","items__tipo_operacao","items__finalidade","items__tipo_credor","items__credor","items__moeda","items__valor","items__pvl_assoc_divida","items__pvl_contradado_credor","items__data_status","hasMore","limit","offset","count","links__rel","links__href"
"9970","Município","Queimados","3304144","RJ","null","Deferido","17944.001090/2012-41","2012-07-16T03:00:00Z","Operação contratual interna","Aquisição de máquinas, equipamentos e veículos","Instituição Financeira Nacional","Agência de Fomento do Estado do Rio de Janeiro","Real","3349620","0","0","13/08/2012","False","5000","0","235","self","http://apidatalake-ords.apps.ocp.tesouro.gov.br/ords/sadipem/tt/pvl?uf=RJ&tipo_interessado=Munic%C3%ADpio"
"10412","Município","Maricá","3302700","RJ","null","Arquivado por decurso de prazo","17944.001193/2011-20","2012-09-12T03:00:00Z","Operação contratual interna","PAC 2 - Pró-Transporte - Pavimentação e Qualificação de Vias","Instituição Financeira Nacional","Caixa Econômica Federal","Real","22800000","0","0","17/10/2012","","","","","describedby","http://apidatalake-ords.apps.ocp.tesouro.gov.br/ords/sadipem/metadata-catalog/tt/item"
"9234","Município","Nova Friburgo","3303401","RJ","null","Deferido","17944.000933/2013-72","2013-08-30T03:00:00Z","Operação contratual interna","Provias","Instituição Financeira Nacional","Banco do Brasil S/A","Real","14000000","1","0","09/10/2013","","","","","first","http://apidatalake-ords.apps.ocp.tesouro.gov.br/ords/sadipem/tt/pvl?uf=RJ&tipo_interessado=Munic%C3%ADpio"
"11690","Município","Tanguá","3305752","RJ","null","Arquivado","17944.001503/2008-19","2008-11-04T02:00:00Z","Operação contratual interna","PNAFM","Instituição Financeira Nacional","Caixa Econômica Federal","Real","300381","0","0","06/02/2009","","","","","",""
"13753","Município","Piraí","3304003","RJ","null","Deferido","19405.000071/2002-58","2002-09-30T03:00:00Z","Operação contratual interna","PMAT","Instituição Financeira Nacional","Banco Nacional de Desenvolvimento Econômico e Social","Real","408600","0","0","11/10/2002","","","","","",""
"13579","Município","Rio de Janeiro","3304557","RJ","null","Arquivado","19405.000029/2006-61","2006-07-20T03:00:00Z","Operação contratual interna","Saneamento básico","Instituição Financeira Nacional","Caixa Econômica Federal","Real","1316493.93","0","0","26/06/2007","","","","","",""
"9317","Município","Nova Iguaçu","3303500","RJ","null","Regularizado","17944.000953/2007-03","2007-06-18T03:00:00Z","Operação contratual interna","Regularização de Dívida - Outros","Outras Organizações","Pessoa Jurídica","Real","1077466.66","1","0","02/08/2007","","","","","",""
"10174","Município","Miracema","3303005","RJ","null","Arquivado","17944.001137/2008-90","2008-04-08T03:00:00Z","Operação contratual interna","Caminho da Escola 2","Instituição Financeira Nacional","Banco do Brasil S/A","Real","342000","0","0","26/08/2008","","","","","",""
"58189","Município","Nova Friburgo","3303401","RJ","PVL02.003661/2022-91","Em análise","17944.101850/2022-91","2022-12-29T13:19:12Z","Operação contratual interna (com garantia da União)","Infraestrutura","Instituição Financeira Nacional","Caixa Econômica Federal","Real","30000000","0","0","29/12/2022","","","","","",""
"13584","Município","Rio de Janeiro","3304557","RJ","null","Arquivado","19405.000030/2006-95","2006-07-20T03:00:00Z","Operação contratual interna","Saneamento básico","Instituição Financeira Nacional","Caixa Econômica Federal","Real","864000","0","0","26/06/2007","","","","","",""
"60039","Município","Petrópolis","3303906","RJ","PVL02.005942/2022-88","Deferido","17944.102384/2022-61","2022-06-21T13:12:44Z","Operação contratual interna","Infraestrutura","Instituição Financeira Nacional","Caixa Econômica Federal","Real","20000000","0","1","23/06/2022","","","","","",""
"4977","Município","Petrópolis","3303906","RJ","null","Arquivado por decurso de prazo","17944.000013/2015-16","2017-03-03T03:00:00Z","Operação contratual interna","PAC 2 - Pró-Transporte - Pavimentação e Qualificação de Vias","Instituição Financeira Nacional","Caixa Econômica Federal","Real","4785780","0","0","17/08/2017","","","","","",""
"5713","Município","Volta Redonda","3306305","RJ","null","Deferido","17944.000179/2014-51","2014-03-14T03:00:00Z","Operação contratual interna","PAC 2 - Pró-Transporte - Pavimentação e Qualificação de Vias","Instituição Financeira Nacional","Caixa Econômica Federal","Real","2851305.24","0","0","24/03/2014","","","","","",""
"6670","Município","Duque de Caxias","3301702","RJ","null","Deferido","17944.000406/2008-09","2008-03-27T03:00:00Z","Operação contratual interna","PAC - Saneamento - 2008","Instituição Financeira Nacional","Caixa Econômica Federal","Real","152248602.4","0","0","28/03/2008","","","","","",""
"34100","Município","Resende","3304201","RJ","PVL02.003091/2019-33","Deferido (PVL-IF)","null","null","Operação contratual interna","Aporte de capital","Instituição Financeira Nacional","Caixa Econômica Federal","Real","3600000","0","1","27/09/2019","","","","","",""
"31378","Município","Petrópolis","3303906","RJ","PVL02.000583/2019-77","Deferido","17944.101202/2019-39","2019-04-11T19:29:03Z","Operação contratual interna","PNAFM","Instituição Financeira Nacional","Caixa Econômica Federal","Real","9200000","1","1","23/04/2019","","","","","",""
"31436","Município","Nilópolis","3303203","RJ","PVL02.000708/2019-69","Deferido (PVL-IF)","null","null","Operação contratual interna","PNAFM","Instituição Financeira Nacional","Caixa Econômica Federal","Real","4745738.61","0","0","21/06/2019","","","","","",""
"9452","Município","Rio de Janeiro","3304557","RJ","null","Arquivado","17944.000984/2009-18","2009-08-13T03:00:00Z","Operação contratual externa (com garantia da União)","Multissetorial","Instituição Financeira Internacional","Banco Internacional para Reconstrução e Desenvolvimento","Dólar dos EUA","0.01","0","0","09/02/2010","","","","","",""
"5470","Município","Rio de Janeiro","3304557","RJ","null","Deferido","17944.000121/2010-84","2010-10-28T02:00:00Z","Operação contratual interna","PAC - Pró-Moradia - 2009","Instituição Financeira Nacional","Caixa Econômica Federal","Real","247574236.14","1","0","19/11/2010","","","","","",""
"6388","Município","Itaboraí","3301900","RJ","null","Regularizado","17944.000334/2012-78","2018-11-22T02:00:00Z","Operação contratual interna","Regularização de Dívida - Energia Elétrica","Empresa Não Estatal","Ampla Energia e Serviços S/A","Real","8493818.21","0","0","04/12/2018","","","","","",""
"5763","Município","Rio de Janeiro","3304557","RJ","null","Deferido","17944.000190/2013-31","2013-04-02T03:00:00Z","Operação contratual interna","PAC 2 - Mobilidade Grandes Cidades","Instituição Financeira Nacional","Caixa Econômica Federal","Real","1097000000","1","0","25/04/2013","","","","","",""
"7596","Município","Barra Mansa","3300407","RJ","null","Regularizado","17944.000617/2007-52","2007-06-13T03:00:00Z","Operação contratual interna","Regularização de Dívida - Energia Elétrica","Empresa Não Estatal","Light - Serviços de Eletricidade S/A","Real","13505401.39","1","0","15/06/2007","","","","","",""
"9109","Município","Barra Mansa","3300407","RJ","null","Arquivado por decurso de prazo","17944.000904/2014-91","2014-09-11T03:00:00Z","Operação contratual interna","Saneamento para Todos","Instituição Financeira Nacional","Caixa Econômica Federal","Real","39883420.11","0","0","18/02/2015","","","","","",""
"7216","Município","São João de Meriti","3305109","RJ","null","Arquivado a pedido","17944.000523/2010-89","2012-05-02T03:00:00Z","Operação contratual interna","Caminho da Escola 2009 A","Instituição Financeira Nacional","Banco do Brasil S/A","Real","1745900","0","0","21/05/2012","","","","","",""
"5290","Município","Casimiro de Abreu","3301306","RJ","null","Deferido","17944.000078/2014-81","2014-11-28T02:00:00Z","Operação contratual interna","PAC 2 - Pró-Transporte - Pavimentação e Qualificação de Vias","Instituição Financeira Nacional","Caixa Econômica Federal","Real","15024627.28","1","0","12/12/2014","","","","","",""
"6363","Município","Rio Claro","3304409","RJ","null","Regularizado","17944.000328/2008-34","2011-06-01T03:00:00Z","Operação contratual interna","Regularização de Dívida - Energia Elétrica","Empresa Não Estatal","Light - Serviços de Eletricidade S/A","Real","6733230.99","0","0","22/07/2011","","","","","",""
"7907","Município","Mesquita","3302858","RJ","null","Deferido","17944.000675/2010-81","2010-09-06T03:00:00Z","Operação contratual interna","PNAFM","Instituição Financeira Nacional","Caixa Econômica Federal","Real","5106563","1","0","20/09/2010","","","","","",""
"10796","Município","Armação dos Búzios","3300233","RJ","null","Arquivado por decurso de prazo","17944.001287/2008-01","2010-11-25T02:00:00Z","Operação contratual interna","PAC - Saneamento - 2008 C","Instituição Financeira Nacional","Caixa Econômica Federal","Real","28000900","0","0","17/12/2010","","","","","",""
"5722","Município","Quissamã","3304151","RJ","null","Arquivado","17944.000182/2008-27","2008-04-14T03:00:00Z","Operação contratual interna","Caminho da Escola","Instituição Financeira Nacional","Banco do Brasil S/A","Real","518100","0","0","06/05/2008","","","","","",""
"9669","Município","Rio de Janeiro","3304557","RJ","null","Deferido","17944.001029/2010-31","2011-04-14T03:00:00Z","Operação contratual interna","PMAT","Instituição Financeira Nacional","Banco Nacional de Desenvolvimento Econômico e Social","Real","45666000","1","0","12/05/2011","","","","","",""
"10637","Município","Teresópolis","3305802","RJ","null","Arquivado","17944.001249/2008-41","2008-09-26T03:00:00Z","Operação contratual interna","PAC - Saneamento - 2008 B","Instituição Financeira Nacional","Caixa Econômica Federal","Real","15000000","0","0","10/12/2008","","","","","",""
"8372","Município","Maricá","3302700","RJ","null","Arquivado por decurso de prazo","17944.000765/2011-53","2012-05-30T03:00:00Z","Operação contratual interna","Provias 2010","Instituição Financeira Nacional","Caixa Econômica Federal","Real","3000000","0","0","22/01/2013","","","","","",""
"6266","Município","Maricá","3302700","RJ","null","Regularizado","17944.000308/2010-88","2011-12-19T02:00:00Z","Operação contratual interna","Regularização de Dívida - Energia Elétrica","Empresa Não Estatal","Ampla Energia e Serviços S/A","Real","862347.63","0","0","20/01/2012","","","","","",""
"40740","Município","Petrópolis","3303906","RJ","PVL02.008447/2019-25","Deferido","17944.104583/2019-16","2020-07-31T13:38:52Z","Operação contratual interna","Infraestrutura","Instituição Financeira Nacional","Caixa Econômica Federal","Real","20000000","0","0","06/08/2020","","","","","",""
"6797","Município","Rio de Janeiro","3304557","RJ","null","Encaminhado à PGFN com manifestação técnica favorável","17944.000432/2010-43","2010-07-01T03:00:00Z","Operação contratual externa (com garantia da União)","Reestruturação e recomposição do principal de dívidas","Instituição Financeira Internacional","Banco Internacional para Reconstrução e Desenvolvimento","Dólar dos EUA","1045000000","1","0","13/07/2010","","","","","",""
"39635","Município","Bom Jardim","3300506","RJ","PVL02.008305/2019-68","Deferido (PVL-IF)","null","null","Operação contratual interna","Aquisição de máquinas, equipamentos e veículos","Instituição Financeira Nacional","Banco do Brasil S/A","Real","435000","0","1","29/05/2020","","","","","",""
"42260","Município","Macuco","3302452","RJ","PVL02.009443/2019-64","Arquivado por decurso de prazo","17944.101534/2020-57","2020-03-19T21:07:52Z","Operação contratual interna (com garantia da União)","Infraestrutura","Instituição Financeira Nacional","Caixa Econômica Federal","Real","1500000","0","0","01/10/2020","","","","","",""
"34031","Município","Itatiaia","3302254","RJ","PVL02.003023/2019-74","Deferido (PVL-IF)","null","null","Operação contratual interna","Infraestrutura","Instituição Financeira Nacional","Banco do Brasil S/A","Real","5000000","0","1","17/10/2019","","","","","",""
"12288","Município","Duque de Caxias","3301702","RJ","null","Arquivado por decurso de prazo","17944.001650/2010-03","2012-08-20T03:00:00Z","Operação contratual externa (com garantia da União)","Multissetorial","Instituição Financeira Internacional","Banco Interamericano de Desenvolvimento","Dólar dos EUA","43614494","0","0","04/07/2013","","","","","",""
"12509","Município","Volta Redonda","3306305","RJ","null","Regularizado","17944.001702/2011-14","2014-02-14T02:00:00Z","Operação contratual interna","Regularização de Dívida - Energia Elétrica","Empresa Não Estatal","Light - Serviços de Eletricidade S/A","Real","3947780.12","0","0","21/02/2014","","","","","",""
"12298","Município","Quatis","3304128","RJ","null","Deferido","17944.001652/2011-75","2012-05-07T03:00:00Z","Operação contratual interna","PMAT","Instituição Financeira Nacional","Agência de Fomento do Estado do Rio de Janeiro","Real","2193832","1","0","29/06/2012","","","","","",""
"5714","Município","Silva Jardim","3305604","RJ","null","Arquivado","17944.000180/2008-38","2008-05-14T03:00:00Z","Operação contratual interna","Caminho da Escola","Instituição Financeira Nacional","Banco do Brasil S/A","Real","483160","0","0","15/05/2008","","","","","",""
"30348","Município","Rio de Janeiro","3304557","RJ","PVL02.002745/2018-21","Deferido","17944.109791/2018-12","2018-11-29T11:59:21Z","Operação contratual interna","Aporte de capital","Instituição Financeira Nacional","Banco Santander (Brasil) S.A.","Real","300000000","1","0","29/11/2018","","","","","",""
"11005","Município","Araruama","3300209","RJ","null","Arquivado por decurso de prazo","17944.001334/2011-12","2012-12-21T02:00:00Z","Operação contratual interna","PAC 2 - Pró-Transporte - Pavimentação e Qualificação de Vias","Instituição Financeira Nacional","Caixa Econômica Federal","Real","33593206.91","0","0","09/01/2013","","","","","",""
"60129","Município","Petrópolis","3303906","RJ","PVL02.005941/2022-33","Deferido","17944.102383/2022-16","2022-06-21T13:15:44Z","Operação contratual interna","Infraestrutura","Instituição Financeira Nacional","Caixa Econômica Federal","Real","80000000","0","1","22/06/2022","","","","","",""
"28489","Município","Rio de Janeiro","3304557","RJ","PVL02.000606/2018-62","Arquivado por decurso de prazo","17944.104407/2018-95","2018-09-04T14:13:17Z","Operação contratual interna","Renegociação de dívidas","Instituição Financeira Nacional","Caixa Econômica Federal","Real","441649163.21","0","0","22/10/2019","","","","","",""
"60633","Município","Nova Iguaçu","3303500","RJ","PVL02.005341/2022-75","Deferido","17944.102616/2022-81","2022-07-27T19:10:17Z","Operação contratual interna","Infraestrutura","Instituição Financeira Nacional","Caixa Econômica Federal","Real","100000000","0","0","01/08/2022","","","","","",""
"10628","Município","Resende","3304201","RJ","null","Arquivado por decurso de prazo","17944.001246/2014-55","2014-08-14T03:00:00Z","Operação contratual interna","Aquisição de máquinas, equipamentos e veículos","Instituição Financeira Nacional","Agência de Fomento do Estado do Rio de Janeiro","Real","4000000","0","0","18/02/2015","","","","","",""
"5734","Município","Rio de Janeiro","3304557","RJ","null","Deferido","17944.000185/2010-85","2010-10-18T02:00:00Z","Operação contratual interna","PAC - Copa Pró-Transporte","Instituição Financeira Nacional","Banco Nacional de Desenvolvimento Econômico e Social","Real","1179000000","1","0","01/12/2010","","","","","",""
"11202","Município","Rio de Janeiro","3304557","RJ","null","Encaminhado à PGFN com manifestação técnica favorável","17944.001383/2012-28","2013-07-19T03:00:00Z","Operação contratual externa (com garantia da União)","Multissetorial","Instituição Financeira Internacional","Banco Internacional para Reconstrução e Desenvolvimento","Dólar dos EUA","16200000","1","0","13/08/2013","","","","","",""
"38893","Município","Paty do Alferes","3303856","RJ","PVL02.007600/2019-05","Deferido (PVL-IF)","null","null","Operação contratual interna","Aquisição de máquinas, equipamentos e veículos","Instituição Financeira Nacional","Agência de Fomento do Estado do Rio de Janeiro","Real","3512000","0","1","30/10/2019","","","","","",""
"27100","Município","Rio de Janeiro","3304557","RJ","PVL02.002429/2017-78","Arquivado por decurso de prazo","17944.103668/2017-15","2018-07-31T21:50:09Z","Operação contratual interna","Infraestrutura","Instituição Financeira Nacional","Caixa Econômica Federal","Real","100000000","0","0","07/01/2019","","","","","",""
"10263","Município","Armação dos Búzios","3300233","RJ","null","Regularizado","17944.001157/2009-41","2009-11-11T02:00:00Z","Operação contratual interna","Regularização de Dívida - Outros","Outras Organizações","Pessoa Jurídica","Real","171832.24","0","0","30/11/2009","","","","","",""
"5643","Município","São João de Meriti","3305109","RJ","null","Arquivado","17944.000161/2010-26","2010-10-15T03:00:00Z","Operação contratual interna","PAC - Saneamento - 2009 A","Instituição Financeira Nacional","Caixa Econômica Federal","Real","50074939.06","0","0","20/12/2010","","","","","",""
"5267","Município","Paraíba do Sul","3303708","RJ","null","Pendente de regularização","17944.000073/2014-58","2015-02-05T02:00:00Z","Operação contratual interna","Regularização de Dívida - Energia Elétrica","Empresa Não Estatal","Light - Serviços de Eletricidade S/A","Real","6836555.06","0","0","25/03/2015","","","","","",""
"5914","Município","Nilópolis","3303203","RJ","null","Regularizado","17944.000231/2012-16","2012-08-20T03:00:00Z","Operação contratual interna","Regularização de Dívida - Energia Elétrica","Empresa Não Estatal","Light - Serviços de Eletricidade S/A","Real","4178061.55","0","0","05/09/2012","","","","","",""
"8643","Município","Rio de Janeiro","3304557","RJ","null","Encaminhado à PGFN com manifestação técnica favorável","17944.000816/2009-22","2011-11-17T02:00:00Z","Operação contratual externa (com garantia da União)","Infraestrutura","Instituição Financeira Internacional","Banco Interamericano de Desenvolvimento","Dólar dos EUA","150000000","1","0","23/12/2011","","","","","",""
"6390","Município","Cantagalo","3301108","RJ","null","Arquivado","17944.000335/2008-36","2008-04-10T03:00:00Z","Operação contratual interna","Caminho da Escola","Instituição Financeira Nacional","Banco do Brasil S/A","Real","483160","0","0","14/05/2008","","","","","",""
"10396","Município","São Gonçalo","3304904","RJ","null","Arquivado","17944.001190/2008-91","2008-04-14T03:00:00Z","Operação contratual interna","PAC - Saneamento - 2008 B","Instituição Financeira Nacional","Caixa Econômica Federal","Real","10000000","0","0","15/09/2008","","","","","",""
"11272","Município","Rio de Janeiro","3304557","RJ","null","Deferido","17944.001398/2013-77","2013-11-25T02:00:00Z","Operação contratual interna","PAC 2 - Pró-Transporte - Pavimentação e Qualificação de Vias","Instituição Financeira Nacional","Caixa Econômica Federal","Real","500000000","1","0","06/12/2013","","","","","",""
"42252","Município","Itatiaia","3302254","RJ","PVL02.000042/2020-82","Encaminhado à PGFN com manifestação técnica favorável","17944.101489/2020-31","2020-05-19T13:29:59Z","Operação contratual interna (com garantia da União)","Infraestrutura","Instituição Financeira Nacional","Banco do Brasil S/A","Real","30000000","1","1","21/05/2020","","","","","",""
"8050","Município","Rio de Janeiro","3304557","RJ","null","Deferido","17944.000703/2010-61","2011-04-29T03:00:00Z","Operação contratual interna","PNAFM","Instituição Financeira Nacional","Caixa Econômica Federal","Real","49000000","1","0","06/06/2011","","","","","",""
"12404","Município","Resende","3304201","RJ","null","Regularizado","17944.001679/2008-62","2013-07-12T03:00:00Z","Operação contratual interna","Regularização de Dívida - Energia Elétrica","Empresa Não Estatal","Ampla Energia e Serviços S/A","Real","4397135.44","1","0","26/07/2013","","","","","",""
"9096","Município","Cordeiro","3301504","RJ","null","Arquivado","17944.000902/2008-54","2008-06-16T03:00:00Z","Operação contratual interna","Caminho da Escola 2","Instituição Financeira Nacional","Banco do Brasil S/A","Real","126750","0","0","15/09/2008","","","","","",""
"12602","Município","Vassouras","3306206","RJ","null","Arquivado","17944.001723/2008-34","2008-07-10T03:00:00Z","Operação contratual interna","Caminho da Escola","Instituição Financeira Nacional","Caixa Econômica Federal","Real","1029900","0","0","29/07/2008","","","","","",""
"40746","Município","São Gonçalo","3304904","RJ","PVL02.008720/2019-11","Deferido","17944.104597/2019-21","2020-08-20T20:20:00Z","Operação contratual interna","PNAFM","Instituição Financeira Nacional","Caixa Econômica Federal","Real","19689683.54","0","0","21/08/2020","","","","","",""
"11697","Município","Duque de Caxias","3301702","RJ","null","Arquivado","17944.001505/2008-08","2008-07-31T03:00:00Z","Operação contratual interna","Caminho da Escola 4","Instituição Financeira Nacional","Banco do Brasil S/A","Real","1368000","0","0","30/10/2008","","","","","",""
"11501","Município","Belford Roxo","3300456","RJ","null","Encaminhado à PGFN com manifestação técnica favorável","17944.001463/2007-16","2007-11-29T02:00:00Z","Operação contratual externa (com garantia da União)","Infraestrutura","Instituição Financeira Internacional","Banco Interamericano de Desenvolvimento","Dólar dos EUA","13200000","0","0","28/08/2008","","","","","",""
"11361","Município","Barra Mansa","3300407","RJ","null","Deferido","17944.001422/2008-19","2010-09-06T03:00:00Z","Operação contratual interna","PNAFM","Instituição Financeira Nacional","Caixa Econômica Federal","Real","5111556","1","0","27/09/2010","","","","","",""
"10315","Município","Rio de Janeiro","3304557","RJ","null","Deferido","17944.001169/2005-42","2007-04-30T03:00:00Z","Operação contratual interna","RELUZ","Empresa Não Estatal","Light - Serviços de Eletricidade S/A","Real","30061939.64","1","0","25/05/2007","","","","","",""
"8889","Município","Engenheiro Paulo de Frontin","3301801","RJ","null","Arquivado","17944.000861/2008-04","2008-10-14T03:00:00Z","Operação contratual interna","Caminho da Escola 2","Instituição Financeira Nacional","Banco do Brasil S/A","Real","400700","0","0","07/01/2009","","","","","",""
"43898","Município","Pinheiral","3303955","RJ","PVL02.000209/2021-96","Deferido (PVL-IF)","null","null","Operação contratual interna","Aquisição de máquinas, equipamentos e veículos","Instituição Financeira Nacional","Banco do Brasil S/A","Real","2621825","0","1","26/07/2021","","","","","",""
"9806","Município","Teresópolis","3305802","RJ","null","Arquivado por decurso de prazo","17944.001055/2013-11","2013-11-20T02:00:00Z","Operação contratual interna","Provias 2012","Instituição Financeira Nacional","Banco do Brasil S/A","Real","2891900","0","0","24/09/2014","","","","","",""
"10230","Município","Resende","3304201","RJ","null","Arquivado","17944.001150/2008-49","2008-07-18T03:00:00Z","Operação contratual interna","Caminho da Escola 2","Instituição Financeira Nacional","Banco do Brasil S/A","Real","573400","0","0","02/10/2008","","","","","",""
"10259","Município","Armação dos Búzios","3300233","RJ","null","Regularizado","17944.001156/2009-05","2009-11-11T02:00:00Z","Operação contratual interna","Regularização de Dívida - Água e Esgoto","Empresa Não Estatal","Prolagos S/A - Concessionária de Serviços Públicos de Água e Esgoto","Real","76842.11","0","0","30/11/2009","","","","","",""
"9664","Município","Rio de Janeiro","3304557","RJ","null","Deferido","17944.001028/2010-97","2011-04-14T03:00:00Z","Operação contratual interna","RELUZ","Empresa Não Estatal","Light - Serviços de Eletricidade S/A","Real","11721684.28","1","0","12/05/2011","","","","","",""
"56130","Município","Piraí","3304003","RJ","PVL02.001201/2022-28","Encaminhado à PGFN com manifestação técnica favorável","17944.101368/2022-51","2022-06-09T15:47:52Z","Operação contratual interna (com garantia da União)","Infraestrutura","Instituição Financeira Nacional","Caixa Econômica Federal","Real","3000000","0","0","27/06/2022","","","","","",""
"13669","Município","Petrópolis","3303906","RJ","null","Deferido","19405.000048/2002-63","2002-08-19T03:00:00Z","Operação contratual interna","PMAT","Instituição Financeira Nacional","Banco Nacional de Desenvolvimento Econômico e Social","Real","3500000","0","0","30/08/2002","","","","","",""
"11034","Município","Quatis","3304128","RJ","null","Arquivado","17944.001342/2009-36","2009-10-28T02:00:00Z","Operação contratual interna","Caminho da Escola","Instituição Financeira Nacional","Banco do Brasil S/A","Real","790600","0","0","21/12/2010","","","","","",""
"11692","Município","Rio de Janeiro","3304557","RJ","null","Deferido","17944.001504/2006-93","2007-04-30T03:00:00Z","Operação contratual interna","Saneamento básico","Instituição Financeira Nacional","Caixa Econômica Federal","Real","13600000","1","0","25/05/2007","","","","","",""
"8010","Município","Resende","3304201","RJ","null","Deferido","17944.000694/2014-31","2014-07-24T03:00:00Z","Operação contratual interna","PAC 2 - Pró-Transporte - Pavimentação e Qualificação de Vias","Instituição Financeira Nacional","Caixa Econômica Federal","Real","22724188.55","1","0","06/08/2014","","","","","",""
"11589","Município","Niterói","3303302","RJ","null","Regularizado","17944.001483/2005-25","2007-07-17T03:00:00Z","Operação contratual interna","Regularização de Dívida - Energia Elétrica","Empresa Estatal","Companhia de Eletricidade do Rio de Janeiro","Real","4146836.1","0","0","17/07/2007","","","","","",""
"9223","Município","Duque de Caxias","3301702","RJ","null","Deferido","17944.000931/2007-35","2007-08-31T03:00:00Z","Operação contratual interna","Provias","Instituição Financeira Nacional","Banco do Brasil S/A","Real","1980000","0","0","10/09/2007","","","","","",""
"10136","Município","Tanguá","3305752","RJ","null","Arquivado","17944.001129/2008-43","2008-11-04T02:00:00Z","Operação contratual interna","Caminho da Escola 2","Instituição Financeira Nacional","Banco do Brasil S/A","Real","228000","0","0","06/02/2009","","","","","",""
"13036","Município","Niterói","3303302","RJ","null","Regularizado","17944.001891/2006-68","2006-12-30T02:00:00Z","Operação contratual interna","Regularização de Dívida - Energia Elétrica","Empresa Estatal","Companhia de Eletricidade do Rio de Janeiro","Real","4146836.1","0","0","12/01/2007","","","","","",""
"34096","Município","Resende","3304201","RJ","PVL02.003087/2019-75","Deferido (PVL-IF)","null","null","Operação contratual interna","Aporte de capital","Instituição Financeira Nacional","Caixa Econômica Federal","Real","4950000","0","1","27/09/2019","","","","","",""
"10142","Município","Cachoeiras de Macacu","3300803","RJ","null","Deferido","17944.001130/2012-54","2012-08-09T03:00:00Z","Operação contratual interna","PMAT","Instituição Financeira Nacional","Agência de Fomento do Estado do Rio de Janeiro","Real","1300028.9","0","0","29/08/2012","","","","","",""
"4924","Município","Rio de Janeiro","3304557","RJ","null","Arquivado","10951.000224/2000-63","2005-12-27T02:00:00Z","Operação contratual externa (com garantia da União)","Preservação e recuperação ambiental","Instituição Financeira Internacional","Japan Bank for International Cooperation","Iene","18362000","0","0","17/08/2006","","","","","",""
"7488","Município","Mesquita","3302858","RJ","null","Arquivado","17944.000591/2010-48","2010-06-29T03:00:00Z","Operação contratual interna","PAC - Pró-Moradia - 2009","Instituição Financeira Nacional","Caixa Econômica Federal","Real","19000000","0","0","09/07/2010","","","","","",""
"6495","Município","Itaboraí","3301900","RJ","null","Arquivado por decurso de prazo","17944.000367/2012-18","2012-03-09T03:00:00Z","Operação contratual interna","RELUZ","Empresa Estatal","Furnas Centrais Elétricas S/A","Real","8187062.2","0","0","22/01/2013","","","","","",""
"8603","Município","Niterói","3303302","RJ","null","Deferido","17944.000806/2013-73","2013-10-21T02:00:00Z","Operação contratual interna","PAC 2 - Mobilidade Médias Cidades","Instituição Financeira Nacional","Caixa Econômica Federal","Real","292320000","1","0","22/10/2013","","","","","",""
"6568","Município","Rio de Janeiro","3304557","RJ","null","Deferido","17944.000382/2006-18","2007-04-30T03:00:00Z","Operação contratual interna","Saneamento básico","Instituição Financeira Nacional","Caixa Econômica Federal","Real","23201946.29","1","0","25/05/2007","","","","","",""
"13690","Município","Rio de Janeiro","3304557","RJ","null","Arquivado","19405.000052/2003-11","2005-05-01T03:00:00Z","Operação contratual externa (com garantia da União)","Multissetorial","Instituição Financeira Internacional","Banco Internacional para Reconstrução e Desenvolvimento","Dólar dos EUA","177924000","0","0","17/08/2006","","","","","",""
"21870","Município","Rio de Janeiro","3304557","RJ","00000.000000/2028-07","Deferido","17944.000312/2016-31","2016-12-21T02:00:00Z","Operação contratual interna","PNAFM","Instituição Financeira Nacional","Caixa Econômica Federal","Real","49000000","1","0","28/12/2016","","","","","",""
"7062","Município","Nova Iguaçu","3303500","RJ","null","Arquivado por decurso de prazo","17944.000489/2007-47","2010-12-03T02:00:00Z","Operação contratual externa (com garantia da União)","Multissetorial","Instituição Financeira Internacional","Banco Interamericano de Desenvolvimento","Dólar dos EUA","34500000","0","0","26/04/2012","","","","","",""
"13638","Município","São Gonçalo","3304904","RJ","null","Arquivado","19405.000041/2006-75","2008-03-03T03:00:00Z","Operação contratual interna","PNAFM","Instituição Financeira Nacional","Caixa Econômica Federal","Real","17666667","0","0","15/09/2008","","","","","",""
"9101","Município","Piraí","3304003","RJ","null","Arquivado","17944.000903/2008-07","2008-04-02T03:00:00Z","Operação contratual interna","Caminho da Escola 2","Instituição Financeira Nacional","Banco do Brasil S/A","Real","367500","0","0","13/08/2008","","","","","",""
"11581","Município","Belford Roxo","3300456","RJ","null","Regularizado","17944.001481/2007-06","2007-11-29T02:00:00Z","Operação contratual interna","Regularização de Dívida - Energia Elétrica","Empresa Não Estatal","Light - Serviços de Eletricidade S/A","Real","5016064.41","0","0","30/11/2007","","","","","",""
"11030","Município","Cantagalo","3301108","RJ","null","Deferido","17944.001340/2014-12","2014-09-01T03:00:00Z","Operação contratual interna","Aquisição de terrenos, imóveis e/ou construção de instalações","Instituição Financeira Nacional","Agência de Fomento do Estado do Rio de Janeiro","Real","6382582.89","0","0","22/09/2014","","","","","",""
"9297","Município","Nova Iguaçu","3303500","RJ","null","Regularizado","17944.000949/2007-37","2007-07-25T03:00:00Z","Operação contratual interna","Regularização de Dívida - Energia Elétrica","Empresa Não Estatal","Light - Serviços de Eletricidade S/A","Real","2315218.36","1","0","02/08/2007","","","","","",""
"13594","Município","Rio de Janeiro","3304557","RJ","null","Arquivado","19405.000032/2006-84","2006-07-20T03:00:00Z","Operação contratual interna","Saneamento básico","Instituição Financeira Nacional","Caixa Econômica Federal","Real","19146375.63","0","0","26/06/2007","","","","","",""
"11946","Município","Vassouras","3306206","RJ","null","Arquivado por decurso de prazo","17944.001566/2011-62","2012-04-16T03:00:00Z","Operação contratual interna","Provias 2010","Instituição Financeira Nacional","Caixa Econômica Federal","Real","850000","0","0","18/01/2013","","","","","",""
"6975","Município","Rio de Janeiro","3304557","RJ","null","Deferido","17944.000471/2007-45","2007-04-30T03:00:00Z","Operação contratual interna","Saneamento básico","Instituição Financeira Nacional","Caixa Econômica Federal","Real","7262240","1","0","25/05/2007","","","","","",""
"11419","Município","Rio de Janeiro","3304557","RJ","null","Deferido","17944.001440/2008-92","2008-06-13T03:00:00Z","Operação contratual interna","PAC - Pró-Moradia - 2008","Instituição Financeira Nacional","Caixa Econômica Federal","Real","152728862.63","1","0","30/06/2008","","","","","",""
"11340","Município","Nilópolis","3303203","RJ","null","Arquivado por decurso de prazo","17944.001415/2011-12","2014-12-31T02:00:00Z","Operação contratual interna (com garantia da União)","PAC - Contrapartida","Instituição Financeira Nacional","Caixa Econômica Federal","Real","1763903.86","0","0","10/08/2017","","","","","",""
"24808","Município","Rio de Janeiro","3304557","RJ","PVL02.000803/2017-09","Deferido","17944.000509/2017-51","2017-07-04T22:29:16Z","Operação contratual interna","Infraestrutura","Instituição Financeira Nacional","Caixa Econômica Federal","Real","652000000","1","0","10/07/2017","","","","","",""
"5843","Município","Maricá","3302700","RJ","null","Arquivado","17944.000212/2010-10","2010-11-30T02:00:00Z","Operação contratual interna","PAC - Pró-Moradia - 2009","Instituição Financeira Nacional","Caixa Econômica Federal","Real","51016091.98","0","0","28/12/2010","","","","","",""
"5864","Município","Duas Barras","3301603","RJ","null","Arquivado","17944.000218/2008-72","2008-04-14T03:00:00Z","Operação contratual interna","Caminho da Escola","Instituição Financeira Nacional","Banco do Brasil S/A","Real","179900","0","0","06/05/2008","","","","","",""
"5328","Município","São João de Meriti","3305109","RJ","null","Arquivado","17944.000088/2007-97","2007-01-17T02:00:00Z","Operação contratual interna","Provias","Instituição Financeira Nacional","Banco do Brasil S/A","Real","1980000","0","0","28/05/2007","","","","","",""
"12747","Município","Niterói","3303302","RJ","null","Encaminhado à PGFN com manifestação técnica favorável","17944.001779/2006-27","2013-12-04T02:00:00Z","Operação contratual externa (com garantia da União)","Multissetorial","Instituição Financeira Internacional","Banco Interamericano de Desenvolvimento","Dólar dos EUA","26470000","1","0","19/12/2013","","","","","",""
"13677","Município","Barra Mansa","3300407","RJ","null","Deferido","19405.000049/2005-51","2006-05-05T03:00:00Z","Operação contratual interna","PMAT","Instituição Financeira Nacional","Banco Nacional de Desenvolvimento Econômico e Social","Real","2669010","0","0","15/05/2006","","","","","",""
"32212","Município","Miguel Pereira","3302908","RJ","PVL02.001363/2019-61","Deferido (PVL-IF)","null","null","Operação contratual interna","Aquisição de máquinas, equipamentos e veículos","Instituição Financeira Nacional","Agência de Fomento do Estado do Rio de Janeiro","Real","4500000","0","1","22/07/2019","","","","","",""
"12014","Município","Cardoso Moreira","3301157","RJ","null","Arquivado","17944.001581/2009-96","2010-05-07T03:00:00Z","Operação contratual interna","Caminho da Escola 2009 A","Instituição Financeira Nacional","Banco do Brasil S/A","Real","995000","0","0","21/12/2010","","","","","",""
"41862","Município","Santa Maria Madalena","3304607","RJ","PVL02.009405/2019-10","Em retificação pelo interessado","17944.100701/2020-42","2020-02-19T16:20:58Z","Operação contratual interna (com garantia da União)","Infraestrutura","Instituição Financeira Nacional","Caixa Econômica Federal","Real","4770000","0","0","06/04/2020","","","","","",""
"45530","Município","Casimiro de Abreu","3301306","RJ","PVL02.001056/2021-02","Arquivado a pedido","17944.102661/2021-54","2021-07-30T19:40:33Z","Operação contratual interna (com garantia da União)","Infraestrutura","Instituição Financeira Nacional","Caixa Econômica Federal","Real","29000000","0","0","04/11/2021","","","","","",""
"11707","Município","São João de Meriti","3305109","RJ","null","Deferido","17944.001508/2011-39","2012-04-02T03:00:00Z","Operação contratual interna","PMAT","Instituição Financeira Nacional","Banco Nacional de Desenvolvimento Econômico e Social","Real","18000000","0","0","18/05/2012","","","","","",""
"12078","Município","Resende","3304201","RJ","null","Deferido","17944.001598/2013-20","2014-05-20T03:00:00Z","Operação contratual interna","Infraestrutura","Instituição Financeira Nacional","Agência de Fomento do Estado do Rio de Janeiro","Real","8940445.08","1","0","11/06/2014","","","","","",""
"28822","Município","Resende","3304201","RJ","PVL02.001389/2018-28","Deferido","17944.105556/2018-71","2018-07-10T20:20:13Z","Operação contratual interna","Infraestrutura","Instituição Financeira Nacional","Banco do Brasil S/A","Real","7000000","0","1","12/07/2018","","","","","",""
"11022","Município","Casimiro de Abreu","3301306","RJ","null","Deferido","17944.001338/2011-92","2012-04-18T03:00:00Z","Operação contratual interna","PAC 2 - Pró-Transporte - Pavimentação e Qualificação de Vias","Instituição Financeira Nacional","Caixa Econômica Federal","Real","3900000","1","0","29/06/2012","","","","","",""
"11053","Município","Macaé","3302403","RJ","null","Deferido","17944.001346/2011-39","2011-11-29T02:00:00Z","Operação contratual interna","PAC 2 - Pró-Moradia","Instituição Financeira Nacional","Caixa Econômica Federal","Real","48286602.68","1","0","08/12/2011","","","","","",""
"6644","Município","São João de Meriti","3305109","RJ","null","Arquivado por decurso de prazo","17944.000400/2010-48","2011-12-23T02:00:00Z","Operação contratual interna","RELUZ","Empresa Não Estatal","Light - Serviços de Eletricidade S/A","Real","7137589","0","0","18/01/2013","","","","","",""
"32249","Município","Queimados","3304144","RJ","PVL02.001397/2019-55","Em retificação pelo interessado (PVL-IF)","null","null","Operação contratual interna","Infraestrutura","Instituição Financeira Nacional","Caixa Econômica Federal","Real","5000000","0","0","06/09/2019","","","","","",""
"11411","Município","Niterói","3303302","RJ","null","Deferido","17944.001437/2008-79","2008-09-15T03:00:00Z","Operação contratual interna","PAC - Saneamento - 2008 B","Instituição Financeira Nacional","Caixa Econômica Federal","Real","8000000","0","0","23/09/2008","","","","","",""
"33609","Município","Vassouras","3306206","RJ","PVL02.002481/2019-96","Deferido","17944.102288/2019-17","2019-07-29T17:06:25Z","Operação contratual interna","Infraestrutura","Instituição Financeira Nacional","Caixa Econômica Federal","Real","40500000","0","1","31/07/2019","","","","","",""
"22824","Município","Rio de Janeiro","3304557","RJ","00000.000000/2032-87","Deferido","17944.000749/2016-75","2016-08-11T03:00:00Z","Operação contratual interna","PMAT","Instituição Financeira Nacional","Banco Nacional de Desenvolvimento Econômico e Social","Real","45240000","1","0","01/09/2016","","","","","",""
"13817","Município","Valença","3306107","RJ","null","Deferido","19405.000116/2004-56","2006-02-20T03:00:00Z","Operação contratual interna","PMAT","Instituição Financeira Nacional","Banco do Brasil S/A","Real","1058400","0","0","01/03/2006","","","","","",""
"10482","Município","Duque de Caxias","3301702","RJ","null","Regularizado","17944.001210/2012-18","2020-04-13T03:00:00Z","Operação contratual interna","Regularização de Dívida - Energia Elétrica","Empresa Não Estatal","Light - Serviços de Eletricidade S/A","Real","3592231.47","0","0","02/06/2020","","","","","",""
"13229","Município","Nova Friburgo","3303401","RJ","null","Deferido","17944.001968/2006-08","2007-01-18T02:00:00Z","Operação contratual interna","Provias","Instituição Financeira Nacional","Banco do Brasil S/A","Real","1976972","0","0","15/02/2007","","","","","",""
"5689","Município","Rio Claro","3304409","RJ","null","Arquivado","17944.000173/2008-36","2008-04-10T03:00:00Z","Operação contratual interna","Caminho da Escola","Instituição Financeira Nacional","Banco do Brasil S/A","Real","569260","0","0","13/05/2008","","","","","",""
"9308","Município","Nova Iguaçu","3303500","RJ","null","Regularizado","17944.000951/2007-14","2007-06-18T03:00:00Z","Operação contratual interna","Regularização de Dívida - Energia Elétrica","Empresa Não Estatal","Light - Serviços de Eletricidade S/A","Real","1451915.2","1","0","02/08/2007","","","","","",""
"11338","Município","Duque de Caxias","3301702","RJ","null","Regularizado","17944.001415/2006-47","2007-02-28T03:00:00Z","Operação contratual interna","Regularização de Dívida - Energia Elétrica","Empresa Não Estatal","Light - Serviços de Eletricidade S/A","Real","5532310.3","0","0","13/03/2007","","","","","",""
"56075","Município","Resende","3304201","RJ","PVL02.003504/2022-85","Deferido (PVL-IF)","null","null","Operação contratual interna","Aquisição de máquinas, equipamentos e veículos","Instituição Financeira Nacional","Banco do Brasil S/A","Real","2160000","0","1","28/07/2022","","","","","",""
"40868","Município","Varre-Sai","3306156","RJ","PVL02.009440/2019-21","Deferido (PVL-IF)","null","null","Operação contratual interna","Infraestrutura","Instituição Financeira Nacional","Caixa Econômica Federal","Real","2078000","0","1","09/03/2020","","","","","",""
"61672","Município","Casimiro de Abreu","3301306","RJ","PVL02.007467/2022-84","Deferido","17944.103810/2022-83","2022-09-21T16:55:44Z","Operação contratual interna","Infraestrutura","Instituição Financeira Nacional","Caixa Econômica Federal","Real","15000000","0","0","23/09/2022","","","","","",""
"61009","Município","Rio das Flores","3304508","RJ","PVL02.007214/2022-19","Em retificação pelo interessado","17944.103071/2022-20","2022-08-12T18:48:50Z","Operação contratual interna","Infraestrutura","Instituição Financeira Nacional","Caixa Econômica Federal","Real","6000000","0","0","17/08/2022","","","","","",""
"12595","Município","Nilópolis","3303203","RJ","null","Arquivado por decurso de prazo","17944.001721/2010-60","2011-02-24T03:00:00Z","Operação contratual interna","Provias","Instituição Financeira Nacional","Caixa Econômica Federal","Real","2200000","0","0","27/06/2011","","","","","",""
"13440","Município","Rio de Janeiro","3304557","RJ","null","Deferido","19405.000001/2004-61","2004-02-26T03:00:00Z","Operação contratual interna","PMAT","Instituição Financeira Nacional","Banco Nacional de Desenvolvimento Econômico e Social","Real","10420000","1","0","04/03/2004","","","","","",""
"13574","Município","Rio de Janeiro","3304557","RJ","null","Deferido","19405.000028/2006-16","2007-04-30T03:00:00Z","Operação contratual interna","Saneamento básico","Instituição Financeira Nacional","Caixa Econômica Federal","Real","39528049.81","1","0","25/05/2007","","","","","",""
"13784","Município","Santo Antônio de Pádua","3304706","RJ","null","Deferido","19405.000084/2002-27","2002-12-19T02:00:00Z","Operação contratual interna","PMAT","Instituição Financeira Nacional","Banco do Brasil S/A","Real","648124","0","0","06/02/2003","","","","","",""
"13125","Município","Vassouras","3306206","RJ","null","Regularizado","17944.001924/2013-07","2014-03-06T03:00:00Z","Operação contratual interna","Regularização de Dívida - Energia Elétrica","Empresa Não Estatal","Light - Serviços de Eletricidade S/A","Real","1087080.79","0","0","26/03/2014","","","","","",""
"8999","Município","Itatiaia","3302254","RJ","null","Arquivado por decurso de prazo","17944.000881/2014-15","2014-07-02T03:00:00Z","Operação contratual interna","PAC 2 - Pró-Transporte - Pavimentação e Qualificação de Vias","Instituição Financeira Nacional","Caixa Econômica Federal","Real","15000000","0","0","18/02/2015","","","","","",""
"6981","Município","Rio de Janeiro","3304557","RJ","null","Deferido","17944.000472/2007-90","2007-04-30T03:00:00Z","Operação contratual interna","Saneamento básico","Instituição Financeira Nacional","Caixa Econômica Federal","Real","7403640","1","0","25/05/2007","","","","","",""
"9421","Município","Paraíba do Sul","3303708","RJ","null","Arquivado","17944.000978/2008-80","2008-04-04T03:00:00Z","Operação contratual interna","Caminho da Escola 2","Instituição Financeira Nacional","Banco do Brasil S/A","Real","750000","0","0","26/08/2008","","","","","",""
"9858","Município","Teresópolis","3305802","RJ","null","Arquivado","17944.001067/2008-70","2008-09-26T03:00:00Z","Operação contratual interna","Caminho da Escola 2","Instituição Financeira Nacional","Banco do Brasil S/A","Real","709500","0","0","10/12/2008","","","","","",""
"10250","Município","Três Rios","3306008","RJ","null","Deferido","17944.001154/2013-94","2014-08-27T03:00:00Z","Operação contratual interna","Aquisição de máquinas, equipamentos e veículos","Instituição Financeira Nacional","Agência de Fomento do Estado do Rio de Janeiro","Real","1623926","0","0","05/09/2014","","","","","",""
"10290","Município","Tanguá","3305752","RJ","null","Arquivado","17944.001163/2007-37","2007-07-24T03:00:00Z","Operação contratual interna","PNAFM","Instituição Financeira Nacional","Caixa Econômica Federal","Real","300381","0","0","01/11/2007","","","","","",""
"13653","Município","Duque de Caxias","3301702","RJ","null","Deferido","19405.000044/2006-17","2007-02-28T03:00:00Z","Operação contratual interna","PMAT","Instituição Financeira Nacional","Banco Nacional de Desenvolvimento Econômico e Social","Real","15172020","0","0","13/03/2007","","","","","",""
"5618","Município","Nova Iguaçu","3303500","RJ","null","Arquivado","17944.000156/2010-13","2010-12-03T02:00:00Z","Operação contratual interna","PAC - Saneamento - 2009 A","Instituição Financeira Nacional","Caixa Econômica Federal","Real","60737300","0","0","15/12/2010","","","","","",""
"5275","Município","Rio de Janeiro","3304557","RJ","null","Encaminhado à PGFN com manifestação técnica favorável","17944.000075/2014-47","2014-04-01T03:00:00Z","Operação contratual interna (com garantia da União)","Infraestrutura","Instituição Financeira Nacional","Banco Nacional de Desenvolvimento Econômico e Social","Real","2715389458.89","1","0","29/05/2014","","","","","",""
"12093","Município","Resende","3304201","RJ","null","Deferido","17944.001601/2013-13","2014-05-20T03:00:00Z","Operação contratual interna","Infraestrutura","Instituição Financeira Nacional","Agência de Fomento do Estado do Rio de Janeiro","Real","2517169.4","1","0","11/06/2014","","","","","",""
"6445","Município","Resende","3304201","RJ","null","Deferido","17944.000349/2013-17","2013-08-22T03:00:00Z","Operação contratual interna","PMAT","Instituição Financeira Nacional","Banco do Brasil S/A","Real","4213134","1","0","17/09/2013","","","","","",""
"9990","Município","Barra do Piraí","3300308","RJ","null","Arquivado","17944.001095/2008-97","2008-08-18T03:00:00Z","Operação contratual interna","PAC - Saneamento - 2008 B","Instituição Financeira Nacional","Caixa Econômica Federal","Real","1472500","0","0","30/10/2008","","","","","",""
"7993","Município","Rio Claro","3304409","RJ","null","Deferido","17944.000691/2010-74","2011-06-01T03:00:00Z","Operação contratual interna","Caminho da Escola 2009 A","Instituição Financeira Nacional","Banco do Brasil S/A","Real","584500","0","0","22/07/2011","","","","","",""
"8005","Município","Paraíba do Sul","3303708","RJ","null","Arquivado por decurso de prazo","17944.000693/2014-97","2015-02-18T02:00:00Z","Operação contratual interna","PAC 2 - Pró-Transporte - Pavimentação e Qualificação de Vias","Instituição Financeira Nacional","Caixa Econômica Federal","Real","5800000","0","0","25/03/2015","","","","","",""
"10105","Município","Barra Mansa","3300407","RJ","null","Arquivado","17944.001121/2008-87","2008-05-27T03:00:00Z","Operação contratual interna","Caminho da Escola 2","Instituição Financeira Nacional","Banco do Brasil S/A","Real","400700","0","0","15/09/2008","","","","","",""
"13241","Município","Barra Mansa","3300407","RJ","null","Deferido","17944.001974/2006-57","2007-06-11T03:00:00Z","Operação contratual interna","Provias","Instituição Financeira Nacional","Banco do Brasil S/A","Real","1980000","1","0","15/06/2007","","","","","",""
"5464","Município","Petrópolis","3303906","RJ","null","Arquivado","17944.000120/2010-30","2010-05-17T03:00:00Z","Operação contratual interna","PAC - Pró-Moradia - 2009","Instituição Financeira Nacional","Caixa Econômica Federal","Real","19000000","0","0","23/12/2010","","","","","",""
"5285","Município","São Gonçalo","3304904","RJ","null","Deferido","17944.000077/2014-36","2014-03-24T03:00:00Z","Operação contratual interna","PAC 2 - Pró-Transporte - Pavimentação e Qualificação de Vias","Instituição Financeira Nacional","Caixa Econômica Federal","Real","162911198.16","1","0","03/04/2014","","","","","",""
"10409","Município","Pinheiral","3303955","RJ","null","Deferido","17944.001192/2013-47","2014-11-12T02:00:00Z","Operação contratual interna","Infraestrutura","Instituição Financeira Nacional","Agência de Fomento do Estado do Rio de Janeiro","Real","2500000","0","0","02/12/2014","","","","","",""
"8684","Município","Rio de Janeiro","3304557","RJ","null","Deferido","17944.000824/2011-93","2011-11-16T02:00:00Z","Operação contratual interna","Saneamento básico","Instituição Financeira Nacional","Caixa Econômica Federal","Real","143200000","1","0","03/01/2012","","","","","",""
"13250","Município","Iguaba Grande","3301876","RJ","null","Deferido","17944.001979/2006-80","2007-02-28T03:00:00Z","Operação contratual interna","Provias","Instituição Financeira Nacional","Banco do Brasil S/A","Real","1250000","1","0","09/03/2007","","","","","",""
"44142","Município","Paraty","3303807","RJ","PVL02.000434/2021-22","Deferido (PVL-IF)","null","null","Operação contratual interna","Infraestrutura","Instituição Financeira Nacional","Banco do Brasil S/A","Real","4652518.73","0","1","20/07/2021","","","","","",""
"11315","Município","Maricá","3302700","RJ","null","Deferido","17944.001410/2010-09","2011-01-10T02:00:00Z","Operação contratual interna","PMAT","Instituição Financeira Nacional","Banco Nacional de Desenvolvimento Econômico e Social","Real","10513890","1","0","19/01/2011","","","","","",""
"7535","Município","Belford Roxo","3300456","RJ","null","Arquivado","17944.000601/2010-45","2010-11-16T02:00:00Z","Operação contratual interna","PAC - Pró-Moradia - 2009","Instituição Financeira Nacional","Caixa Econômica Federal","Real","55889817.84","0","0","27/12/2010","","","","","",""
"8820","Município","Belford Roxo","3300456","RJ","null","Arquivado","17944.000847/2008-01","2008-08-15T03:00:00Z","Operação contratual interna","PAC - Saneamento - 2008 B","Instituição Financeira Nacional","Caixa Econômica Federal","Real","21850000","0","0","30/10/2008","","","","","",""
"6621","Município","Belford Roxo","3300456","RJ","null","Arquivado","17944.000396/2010-18","2010-07-15T03:00:00Z","Operação contratual interna","PAC - Saneamento - 2009 A","Instituição Financeira Nacional","Caixa Econômica Federal","Real","16992997.17","0","0","15/07/2010","","","","","",""
"6628","Município","Belford Roxo","3300456","RJ","null","Regularizado","17944.000397/2010-62","2014-10-20T02:00:00Z","Operação contratual interna","Regularização de Dívida - Energia Elétrica","Empresa Não Estatal","Light - Serviços de Eletricidade S/A","Real","5576878.3","0","0","30/10/2014","","","","","",""
"10745","Município","Angra dos Reis","3300100","RJ","null","Deferido","17944.001273/2008-80","2009-07-24T03:00:00Z","Operação contratual interna","PAC - Saneamento - 2008 B","Instituição Financeira Nacional","Caixa Econômica Federal","Real","20177032","0","0","29/07/2009","","","","","",""
"11415","Município","Niterói","3303302","RJ","null","Deferido","17944.001438/2008-13","2008-09-15T03:00:00Z","Operação contratual interna","PAC - Saneamento - 2008 B","Instituição Financeira Nacional","Caixa Econômica Federal","Real","9700000","0","0","23/09/2008","","","","","",""
"42331","Município","Tanguá","3305752","RJ","PVL02.008522/2019-58","Encaminhado à PGFN com manifestação técnica favorável","17944.101686/2020-50","2020-07-02T20:49:45Z","Operação contratual interna (com garantia da União)","Infraestrutura","Instituição Financeira Nacional","Caixa Econômica Federal","Real","15850000","1","1","15/07/2020","","","","","",""
"13589","Município","Rio de Janeiro","3304557","RJ","null","Arquivado","19405.000031/2006-30","2006-07-18T03:00:00Z","Operação contratual interna","Saneamento básico","Instituição Financeira Nacional","Caixa Econômica Federal","Real","468185.98","0","0","26/06/2007","","","","","",""
"10226","Município","Conceição de Macabu","3301405","RJ","null","Arquivado","17944.001149/2008-14","2008-08-14T03:00:00Z","Operação contratual interna","Caminho da Escola 2","Instituição Financeira Nacional","Banco do Brasil S/A","Real","400700","0","0","30/10/2008","","","","","",""
"10281","Município","Rio de Janeiro","3304557","RJ","null","Deferido","17944.001161/2008-29","2008-06-13T03:00:00Z","Operação contratual interna","PAC - Saneamento - 2008 B","Instituição Financeira Nacional","Caixa Econômica Federal","Real","56947800","1","0","30/06/2008","","","","","",""
"31424","Município","São Gonçalo","3304904","RJ","PVL02.000027/2019-09","Arquivado por decurso de prazo","17944.101336/2019-50","2019-04-11T20:25:32Z","Operação contratual interna","PNAFM","Instituição Financeira Nacional","Caixa Econômica Federal","Real","19689683.54","0","0","23/10/2019","","","","","",""
"6153","Município","Cardoso Moreira","3301157","RJ","null","Arquivado","17944.000288/2008-21","2008-05-14T03:00:00Z","Operação contratual interna","Caminho da Escola","Instituição Financeira Nacional","Banco do Brasil S/A","Real","402855","0","0","15/05/2008","","","","","",""
"5180","Município","Nova Iguaçu","3303500","RJ","null","Deferido","17944.000053/2007-58","2007-07-27T03:00:00Z","Operação contratual interna","PNAFM","Instituição Financeira Nacional","Caixa Econômica Federal","Real","11306667","1","0","02/08/2007","","","","","",""
"29422","Município","Rio de Janeiro","3304557","RJ","PVL02.001092/2018-62","Arquivado por decurso de prazo","17944.106872/2018-61","2018-09-04T14:18:40Z","Operação contratual interna","Renegociação de dívidas","Instituição Financeira Nacional","Caixa Econômica Federal","Real","155030131.45","0","0","22/10/2019","","","","","",""
"11343","Município","Duque de Caxias","3301702","RJ","null","Regularizado","17944.001416/2006-91","2007-02-28T03:00:00Z","Operação contratual interna","Regularização de Dívida - Energia Elétrica","Empresa Não Estatal","Ampla Energia e Serviços S/A","Real","6220750","0","0","13/03/2007","","","","","",""
"29667","Município","Rio de Janeiro","3304557","RJ","PVL02.001468/2018-39","Deferido","17944.107905/2018-90","2018-09-05T16:18:30Z","Operação contratual interna","PNAFM","Instituição Financeira Nacional","Caixa Econômica Federal","Real","49000000","1","1","13/09/2018","","","","","",""
"13080","Município","Três Rios","3306008","RJ","null","Deferido","17944.001905/2014-53","2014-12-18T02:00:00Z","Operação contratual interna","Caminho da Escola","Instituição Financeira Nacional","Agência de Fomento do Estado do Rio de Janeiro","Real","1868700","0","0","07/01/2015","","","","","",""
"10095","Município","Angra dos Reis","3300100","RJ","null","Arquivado","17944.001119/2008-16","2009-03-09T03:00:00Z","Operação contratual interna","Caminho da Escola 2","Instituição Financeira Nacional","Banco do Brasil S/A","Real","570000","0","0","12/03/2009","","","","","",""
"60354","Município","Paraty","3303807","RJ","PVL02.006783/2022-39","Deferido (PVL-IF)","null","null","Operação contratual interna","Infraestrutura","Instituição Financeira Nacional","Agência de Fomento do Estado do Rio de Janeiro","Real","4794056.75","0","0","28/07/2022","","","","","",""
"42829","Município","Duque de Caxias","3301702","RJ","PVL02.009315/2019-11","Deferido","17944.102739/2020-50","2020-07-10T21:50:02Z","Operação contratual interna","Infraestrutura","Instituição Financeira Nacional","Caixa Econômica Federal","Real","150000000","0","0","15/07/2020","","","","","",""
"12870","Município","Niterói","3303302","RJ","null","Encaminhado à PGFN com manifestação técnica favorável","17944.001832/2014-08","2016-03-16T03:00:00Z","Operação contratual externa (com garantia da União)","Desenvolvimento sustentável","Instituição Financeira Internacional","Corporação Andina de Fomento","Dólar dos EUA","100000000","0","0","28/03/2016","","","","","",""
"44855","Município","Vassouras","3306206","RJ","PVL02.000266/2021-75","Arquivado a pedido","17944.101820/2021-01","2022-06-30T14:54:11Z","Operação contratual interna (com garantia da União)","Infraestrutura","Instituição Financeira Nacional","Caixa Econômica Federal","Real","20000000","0","0","21/07/2022","","","","","",""
"5054","Município","Duque de Caxias","3301702","RJ","null","Deferido","17944.000031/2008-79","2008-03-27T03:00:00Z","Operação contratual interna","PAC - Pró-Moradia - 2008","Instituição Financeira Nacional","Caixa Econômica Federal","Real","39900000","0","0","28/03/2008","","","","","",""
"42449","Município","Guapimirim","3301850","RJ","PVL02.001018/2020-61","Deferido (PVL-IF)","null","null","Operação contratual interna","Aquisição de máquinas, equipamentos e veículos","Instituição Financeira Nacional","Banco do Brasil S/A","Real","1300000","0","1","20/05/2020","","","","","",""
"10266","Município","Armação dos Búzios","3300233","RJ","null","Regularizado","17944.001158/2009-96","2010-04-12T03:00:00Z","Operação contratual interna","Regularização de Dívida - Energia Elétrica","Empresa Não Estatal","Ampla Energia e Serviços S/A","Real","1208046.51","0","0","10/05/2010","","","","","",""
"8454","Município","Petrópolis","3303906","RJ","null","Deferido","17944.000778/2014-75","2014-07-18T03:00:00Z","Operação contratual interna","Aquisição de máquinas, equipamentos e veículos","Instituição Financeira Nacional","Agência de Fomento do Estado do Rio de Janeiro","Real","9215160","1","0","18/08/2014","","","","","",""
"10478","Município","Duque de Caxias","3301702","RJ","null","Regularizado","17944.001209/2012-85","2020-04-13T03:00:00Z","Operação contratual interna","Regularização de Dívida - Outros","Instituição Financeira Nacional","Banco do Brasil S/A","Real","149768343.08","0","0","29/05/2020","","","","","",""
"8839","Município","Porciúncula","3304102","RJ","null","Arquivado","17944.000850/2008-16","2008-09-01T03:00:00Z","Operação contratual interna","Caminho da Escola 2","Instituição Financeira Nacional","Banco do Brasil S/A","Real","145500","0","0","13/11/2008","","","","","",""
"34099","Município","Resende","3304201","RJ","PVL02.003090/2019-99","Deferido (PVL-IF)","null","null","Operação contratual interna","Aporte de capital","Instituição Financeira Nacional","Caixa Econômica Federal","Real","4500000","0","1","27/09/2019","","","","","",""
"9205","Município","Campos dos Goytacazes","3301009","RJ","null","Deferido","17944.000926/2013-71","2013-12-20T02:00:00Z","Operação contratual interna","PAC 2 - Pró-Transporte - Pavimentação e Qualificação de Vias","Instituição Financeira Nacional","Caixa Econômica Federal","Real","300000000","0","0","26/12/2013","","","","","",""
"12353","Município","Quatis","3304128","RJ","null","Arquivado","17944.001665/2008-49","2008-06-23T03:00:00Z","Operação contratual interna","Caminho da Escola 2","Instituição Financeira Nacional","Caixa Econômica Federal","Real","300000","0","0","03/07/2008","","","","","",""
"12521","Município","Nova Iguaçu","3303500","RJ","null","Deferido","17944.001705/2007-71","2008-03-24T03:00:00Z","Operação contratual interna","PAC - Pró-Moradia - 2008","Instituição Financeira Nacional","Caixa Econômica Federal","Real","142479534.83","1","0","27/03/2008","","","","","",""
"42476","Município","Nova Iguaçu","3303500","RJ","PVL02.001006/2020-36","Deferido","17944.101957/2020-77","2020-06-25T18:44:47Z","Operação contratual interna","Infraestrutura","Instituição Financeira Nacional","Caixa Econômica Federal","Real","54000000","1","0","30/06/2020","","","","","",""
"61653","Município","Teresópolis","3305802","RJ","PVL02.007127/2022-53","Deferido","17944.103775/2022-01","2022-10-19T19:18:08Z","Operação contratual interna","Multissetorial","Instituição Financeira Nacional","Agência de Fomento do Estado do Rio de Janeiro","Real","35000000","0","0","21/10/2022","","","","","",""
"13443","Município","Nova Iguaçu","3303500","RJ","null","Deferido","19405.000002/2002-44","2002-02-28T03:00:00Z","Operação contratual interna","PMAT","Instituição Financeira Nacional","Banco Nacional de Desenvolvimento Econômico e Social","Real","7168409","1","0","01/12/2002","","","","","",""
"50533","Município","Nova Iguaçu","3303500","RJ","PVL02.004441/2021-01","Deferido","17944.104359/2021-31","2021-12-02T22:42:03Z","Operação contratual interna","Infraestrutura","Instituição Financeira Nacional","Caixa Econômica Federal","Real","100000000","0","0","13/12/2021","","","","","",""
"23148","Município","Rio de Janeiro","3304557","RJ","PVL02.000145/2016-66","Deferido","17944.001004/2016-23","2016-08-25T03:00:00Z","Operação contratual interna","Infraestrutura","Instituição Financeira Nacional","Banco Nacional de Desenvolvimento Econômico e Social","Real","800000000","1","0","14/09/2016","","","","","",""
"42271","Município","Barra do Piraí","3300308","RJ","PVL02.000610/2020-45","Encaminhado à PGFN com manifestação técnica favorável","17944.101579/2020-21","2020-07-21T14:33:51Z","Operação contratual interna (com garantia da União)","Infraestrutura","Instituição Financeira Nacional","Caixa Econômica Federal","Real","29900000","1","1","29/07/2020","","","","","",""
"13004","Município","Quatis","3304128","RJ","null","Deferido","17944.001881/2011-90","2012-05-07T03:00:00Z","Operação contratual interna","Infraestrutura","Instituição Financeira Nacional","Agência de Fomento do Estado do Rio de Janeiro","Real","385305.5","1","0","29/06/2012","","","","","",""
"20535","Município","Rio de Janeiro","3304557","RJ","00000.000000/2017-88","Deferido","17944.001114/2015-12","2015-12-15T02:00:00Z","Operação contratual interna","Infraestrutura","Instituição Financeira Nacional","Banco Nacional de Desenvolvimento Econômico e Social","Real","800000000","1","0","23/12/2015","","","","","",""
"34869","Município","Nova Iguaçu","3303500","RJ","PVL02.003184/2019-68","Deferido","17944.103149/2019-19","2019-09-03T21:24:51Z","Operação contratual interna","Infraestrutura","Instituição Financeira Nacional","Caixa Econômica Federal","Real","140000000","1","0","11/09/2019","","","","","",""
"36529","Município","Resende","3304201","RJ","PVL02.005421/2019-25","Deferido (PVL-IF)","null","null","Operação contratual interna","Aquisição de máquinas, equipamentos e veículos","Instituição Financeira Nacional","Banco do Brasil S/A","Real","3082637.34","0","1","28/10/2019","","","","","",""
"42266","Município","Paty do Alferes","3303856","RJ","PVL02.009521/2019-21","Encaminhado à PGFN com manifestação técnica favorável","17944.101568/2020-41","2020-04-29T13:27:03Z","Operação contratual interna (com garantia da União)","Infraestrutura","Instituição Financeira Nacional","Caixa Econômica Federal","Real","1500000","0","1","11/05/2020","","","","","",""
"47509","Município","Casimiro de Abreu","3301306","RJ","PVL02.002362/2021-58","Deferido","17944.103628/2021-41","2021-12-24T15:46:02Z","Operação contratual interna","Infraestrutura","Instituição Financeira Nacional","Caixa Econômica Federal","Real","29000000","0","0","28/12/2021","","","","","",""
"7986","Município","Rio Claro","3304409","RJ","null","Deferido","17944.000690/2010-20","2011-06-01T03:00:00Z","Operação contratual interna","Provias","Instituição Financeira Nacional","Banco do Brasil S/A","Real","647400","0","0","22/07/2011","","","","","",""
"34098","Município","Resende","3304201","RJ","PVL02.003089/2019-64","Deferido (PVL-IF)","null","null","Operação contratual interna","Aporte de capital","Instituição Financeira Nacional","Caixa Econômica Federal","Real","4000000","0","1","27/09/2019","","","","","",""
"5475","Município","Nova Iguaçu","3303500","RJ","null","Arquivado","17944.000122/2010-29","2010-12-03T02:00:00Z","Operação contratual interna","PAC - Pró-Moradia - 2009","Instituição Financeira Nacional","Caixa Econômica Federal","Real","48440939.24","0","0","14/12/2010","","","","","",""
"11032","Município","Petrópolis","3303906","RJ","null","Arquivado a pedido","17944.001341/2013-78","2017-03-31T17:18:53Z","Operação contratual interna (com garantia da União)","PAC 2 - Pró-Transporte - Pavimentação e Qualificação de Vias","Instituição Financeira Nacional","Caixa Econômica Federal","Real","37046866.67","0","0","19/12/2017","","","","","",""
"10923","Município","Niterói","3303302","RJ","null","Deferido","17944.001314/2014-86","2015-11-12T02:00:00Z","Operação contratual interna","PAC 2 - Pró-Transporte - Pavimentação e Qualificação de Vias","Instituição Financeira Nacional","Caixa Econômica Federal","Real","10000000","0","0","18/11/2015","","","","","",""
"8590","Município","Belford Roxo","3300456","RJ","null","Arquivado por decurso de prazo","17944.000804/2011-12","2014-10-20T02:00:00Z","Operação contratual interna","RELUZ","Empresa Não Estatal","Light - Serviços de Eletricidade S/A","Real","10144171.83","0","0","13/02/2015","","","","","",""
"9161","Município","Volta Redonda","3306305","RJ","null","Arquivado a pedido","17944.000917/2010-37","2013-12-04T02:00:00Z","Operação contratual interna","Aquisição de títulos CVS","Instituição Financeira Nacional","Caixa Econômica Federal","Real","20000000","0","0","20/02/2014","","","","","",""
"10433","Município","Mesquita","3302858","RJ","null","Arquivado","17944.001199/2008-00","2008-09-30T03:00:00Z","Operação contratual interna","PAC - Saneamento - 2008 B","Instituição Financeira Nacional","Caixa Econômica Federal","Real","10055000","0","0","10/12/2008","","","","","",""
"10441","Município","Niterói","3303302","RJ","null","Deferido","17944.001200/2014-36","2014-09-08T03:00:00Z","Operação contratual interna","PMAT","Instituição Financeira Nacional","Banco Nacional de Desenvolvimento Econômico e Social","Real","28088701","1","0","11/09/2014","","","","","",""
"60057","Município","Paraty","3303807","RJ","PVL02.004261/2021-11","Encaminhado à PGFN com manifestação técnica favorável","17944.102390/2022-18","2022-07-12T17:54:41Z","Operação contratual interna (com garantia da União)","Infraestrutura","Instituição Financeira Nacional","Caixa Econômica Federal","Real","30000000","0","0","29/07/2022","","","","","",""
"60630","Município","Miguel Pereira","3302908","RJ","PVL02.005562/2022-43","Deferido","17944.102601/2022-12","2022-09-02T18:21:45Z","Operação contratual interna","Infraestrutura","Instituição Financeira Nacional","Agência de Fomento do Estado do Rio de Janeiro","Real","19560000","0","1","08/09/2022","","","","","",""
"52029","Município","Miguel Pereira","3302908","RJ","PVL02.001208/2021-69","Arquivado a pedido","17944.100017/2022-22","2021-12-30T18:16:05Z","Operação contratual interna (com garantia da União)","Infraestrutura","Instituição Financeira Nacional","Caixa Econômica Federal","Real","19560000","0","0","04/05/2022","","","","","",""
"9075","Município","Barra do Piraí","3300308","RJ","null","Arquivado","17944.000898/2008-24","2008-08-18T03:00:00Z","Operação contratual interna","Caminho da Escola 2","Instituição Financeira Nacional","Banco do Brasil S/A","Real","459400","0","0","30/10/2008","","","","","",""
"6676","Município","Volta Redonda","3306305","RJ","null","Arquivado","17944.000407/2008-45","2008-08-28T03:00:00Z","Operação contratual interna","PAC - Saneamento - 2008","Instituição Financeira Nacional","Banco Nacional de Desenvolvimento Econômico e Social","Real","55300000","0","0","07/11/2008","","","","","",""
"10108","Município","São Pedro da Aldeia","3305208","RJ","null","Arquivado","17944.001122/2008-21","2009-03-06T03:00:00Z","Operação contratual interna","Caminho da Escola 2","Instituição Financeira Nacional","Banco do Brasil S/A","Real","598900","0","0","13/03/2009","","","","","",""
"13780","Município","Nova Friburgo","3303401","RJ","null","Deferido","19405.000082/2002-38","2002-11-25T02:00:00Z","Operação contratual interna","PMAT","Instituição Financeira Nacional","Banco Nacional de Desenvolvimento Econômico e Social","Real","2286000","1","0","18/12/2002","","","","","",""
"9312","Município","Nova Iguaçu","3303500","RJ","null","Regularizado","17944.000952/2007-51","2007-06-18T03:00:00Z","Operação contratual interna","Regularização de Dívida - Energia Elétrica","Empresa Não Estatal","Light - Serviços de Eletricidade S/A","Real","1357388.66","1","0","02/08/2007","","","","","",""
"10144","Município","Paracambi","3303609","RJ","null","Arquivado","17944.001131/2008-12","2008-04-09T03:00:00Z","Operação contratual interna","Caminho da Escola 2","Instituição Financeira Nacional","Banco do Brasil S/A","Real","345400","0","0","26/08/2008","","","","","",""
"26368","Município","Rio de Janeiro","3304557","RJ","PVL02.002098/2017-76","Deferido","17944.102249/2017-58","2017-11-29T19:03:49Z","Operação contratual interna","Infraestrutura","Instituição Financeira Nacional","Caixa Econômica Federal","Real","200000000","1","0","04/12/2017","","","","","",""
"7273","Município","Rio de Janeiro","3304557","RJ","null","Deferido","17944.000536/2007-52","2007-05-30T03:00:00Z","Operação contratual interna","Saneamento para Todos","Instituição Financeira Nacional","Caixa Econômica Federal","Real","11064800","1","0","04/06/2007","","","","","",""
"8942","Município","São José de Ubá","3305133","RJ","null","Arquivado","17944.000871/2008-31","2008-12-26T02:00:00Z","Operação contratual interna","Caminho da Escola 2","Instituição Financeira Nacional","Banco do Brasil S/A","Real","299450","0","0","13/03/2009","","","","","",""
"12505","Município","Volta Redonda","3306305","RJ","null","Regularizado","17944.001701/2011-70","2013-12-04T02:00:00Z","Operação contratual interna","Regularização de Dívida - Energia Elétrica","Empresa Não Estatal","Light - Serviços de Eletricidade S/A","Real","6533024.55","0","0","14/02/2014","","","","","",""
"11447","Município","Belford Roxo","3300456","RJ","null","Deferido","17944.001450/2008-28","2008-06-10T03:00:00Z","Operação contratual interna","PNAFM","Instituição Financeira Nacional","Caixa Econômica Federal","Real","9186666","0","0","10/06/2008","","","","","",""
"5685","Município","São José do Vale do Rio Preto","3305158","RJ","null","Arquivado","17944.000172/2008-91","2008-04-02T03:00:00Z","Operação contratual interna","Caminho da Escola","Instituição Financeira Nacional","Banco do Brasil S/A","Real","856700","0","0","08/05/2008","","","","","",""
"5732","Município","Volta Redonda","3306305","RJ","null","Deferido","17944.000184/2014-64","2014-03-14T03:00:00Z","Operação contratual interna","PAC 2 - Mobilidade Médias Cidades","Instituição Financeira Nacional","Caixa Econômica Federal","Real","58054500","0","0","24/03/2014","","","","","",""
"5625","Município","Rio de Janeiro","3304557","RJ","null","Deferido","17944.000157/2010-68","2010-10-27T02:00:00Z","Operação contratual interna","PAC - Saneamento - 2009 A","Instituição Financeira Nacional","Caixa Econômica Federal","Real","405738579.9","1","0","24/11/2010","","","","","",""
"12087","Município","Resende","3304201","RJ","null","Deferido","17944.001600/2013-61","2014-05-20T03:00:00Z","Operação contratual interna","Infraestrutura","Instituição Financeira Nacional","Agência de Fomento do Estado do Rio de Janeiro","Real","7975845","0","0","11/06/2014","","","","","",""
"11576","Município","Quatis","3304128","RJ","null","Regularizado","17944.001480/2009-15","2012-05-07T03:00:00Z","Operação contratual interna","Regularização de Dívida - Energia Elétrica","Empresa Não Estatal","Light - Serviços de Eletricidade S/A","Real","2167931.82","1","0","29/06/2012","","","","","",""
